Pregnancies,Glucose,BloodPressure,SkinThickness,Insulin,BMI,DiabetesPedigreeFunction,Age,Outcome,Risk_Score,Fuzzy_Result,Fuzzy_Classification
6,148,72,35,0,33.6,0.627,50,1,0.6173167922682085,1,Diabetic
1,85,66,29,0,26.6,0.351,31,0,0.3153891024740564,0,Non-Diabetic
8,183,64,0,0,23.3,0.672,32,1,0.7172462278560519,1,Diabetic
1,89,66,23,94,28.1,0.167,21,0,0.2714616443498935,0,Non-Diabetic
0,137,40,35,168,43.1,2.288,33,1,0.718665009933071,1,Diabetic
5,116,74,0,0,25.6,0.201,30,0,0.28840806395550905,0,Non-Diabetic
3,78,50,32,88,31.0,0.248,26,1,0.25968781470292057,0,Non-Diabetic
10,115,0,0,0,35.3,0.134,29,0,0.1555555555555555,0,Non-Diabetic
2,197,70,45,543,30.5,0.158,53,1,0.7319047619047618,1,Diabetic
8,125,96,0,0,0.0,0.232,54,1,0.2856262472121138,0,Non-Diabetic
4,110,92,0,0,37.6,0.191,30,0,0.416789699233766,0,Non-Diabetic
10,168,74,0,0,38.0,0.537,34,1,0.7478784304663275,1,Diabetic
10,139,80,0,0,27.1,1.441,57,0,0.49999999999999994,0,Non-Diabetic
1,189,60,23,846,30.1,0.398,59,1,0.7285383556501063,1,Diabetic
5,166,72,19,175,25.8,0.587,51,1,0.49999999999999994,0,Non-Diabetic
7,100,0,0,0,30.0,0.484,32,1,0.43041151578678793,0,Non-Diabetic
0,118,84,47,230,45.8,0.551,31,1,0.6508425048127565,1,Diabetic
7,107,74,0,0,29.6,0.254,31,1,0.28773463836514546,0,Non-Diabetic
1,103,30,38,83,43.3,0.183,33,0,0.17948170465461538,0,Non-Diabetic
1,115,70,30,96,34.6,0.529,32,1,0.5000000000000001,1,Diabetic
3,126,88,41,235,39.3,0.704,27,0,0.5880481358600911,1,Diabetic
8,99,84,0,0,35.4,0.388,50,0,0.4831905894792492,0,Non-Diabetic
7,196,90,0,0,39.8,0.451,41,1,0.7441837144003208,1,Diabetic
9,119,80,35,0,29.0,0.263,29,1,0.28466883234073254,0,Non-Diabetic
11,143,94,33,146,36.6,0.254,51,1,0.6666235243919784,1,Diabetic
10,125,70,26,115,31.1,0.205,41,1,0.5,1,Diabetic
7,147,76,0,0,39.4,0.257,43,1,0.609995209580839,1,Diabetic
1,97,66,15,140,23.2,0.487,22,0,0.4378515794883957,0,Non-Diabetic
13,145,82,19,110,22.2,0.245,57,0,0.5861720201752048,1,Diabetic
5,117,92,0,0,34.1,0.337,38,0,0.5748998512254329,1,Diabetic
5,109,75,26,0,36.0,0.546,60,0,0.4999999999999997,0,Non-Diabetic
3,158,76,36,245,31.6,0.851,28,1,0.6291171289858255,1,Diabetic
3,88,58,11,54,24.8,0.267,22,0,0.1555555555555555,0,Non-Diabetic
6,92,92,0,0,19.9,0.188,28,0,0.17658822844519229,0,Non-Diabetic
10,122,78,31,0,27.6,0.512,45,0,0.49999999999999983,0,Non-Diabetic
4,103,60,33,192,24.0,0.966,33,0,0.5,1,Diabetic
11,138,76,0,0,33.2,0.42,35,0,0.2495904276913601,0,Non-Diabetic
9,102,76,37,0,32.9,0.665,46,1,0.49999999999999983,0,Non-Diabetic
2,90,68,42,0,38.2,0.503,27,1,0.36859335038363233,0,Non-Diabetic
4,111,72,47,207,37.1,1.39,56,1,0.7028164068263406,1,Diabetic
3,180,64,25,70,34.0,0.271,26,0,0.4691606714628296,0,Non-Diabetic
7,133,84,0,0,40.2,0.696,37,0,0.5000000000000001,1,Diabetic
7,106,92,18,0,22.7,0.235,48,0,0.49999999999999994,0,Non-Diabetic
9,171,110,24,240,45.4,0.721,54,1,0.7115042687381057,1,Diabetic
7,159,64,0,0,27.4,0.294,40,0,0.7194130688679057,1,Diabetic
0,180,66,39,0,42.0,1.893,25,1,0.8444444444444443,1,Diabetic
1,146,56,0,0,29.7,0.564,29,0,0.4999999999999999,0,Non-Diabetic
2,71,70,27,0,28.0,0.586,22,0,0.2910853867147202,0,Non-Diabetic
7,103,66,32,0,39.1,0.344,31,1,0.16414906832298143,0,Non-Diabetic
7,105,0,0,0,0.0,0.305,24,0,0.1555555555555555,0,Non-Diabetic
1,103,80,11,82,19.4,0.491,22,0,0.1781574755156601,0,Non-Diabetic
1,101,50,15,36,24.2,0.526,26,0,0.5000000000000001,1,Diabetic
5,88,66,21,23,24.4,0.342,30,0,0.2740467817244215,0,Non-Diabetic
8,176,90,34,300,33.7,0.467,58,1,0.7356147593858859,1,Diabetic
7,150,66,42,342,34.7,0.718,42,0,0.645419810053957,1,Diabetic
1,73,50,10,0,23.0,0.248,21,0,0.1555555555555555,0,Non-Diabetic
7,187,68,39,304,37.7,0.254,41,1,0.7441837144003208,1,Diabetic
0,100,88,60,110,46.8,0.962,31,0,0.7705555555555555,1,Diabetic
0,146,82,0,0,40.5,1.781,44,0,0.7441837144003208,1,Diabetic
0,105,64,41,142,41.5,0.173,22,0,0.28684794189358137,0,Non-Diabetic
2,84,0,0,0,0.0,0.304,21,0,0.1555555555555555,0,Non-Diabetic
8,133,72,0,0,32.9,0.27,39,1,0.41337533753375366,0,Non-Diabetic
5,44,62,0,0,25.0,0.587,36,0,0.26448239808181323,0,Non-Diabetic
2,141,58,34,128,25.4,0.699,24,0,0.4999999999999998,0,Non-Diabetic
7,114,66,0,0,32.8,0.258,42,1,0.4999999999999999,0,Non-Diabetic
5,99,74,27,0,29.0,0.203,32,0,0.3026289722826042,0,Non-Diabetic
0,109,88,30,0,32.5,0.855,38,1,0.6547468293155194,1,Diabetic
2,109,92,0,0,42.7,0.845,54,0,0.6516107186535968,1,Diabetic
1,95,66,13,38,19.6,0.334,25,0,0.16212197686645638,0,Non-Diabetic
4,146,85,27,100,28.9,0.189,27,0,0.28539386875598044,0,Non-Diabetic
2,100,66,20,90,32.9,0.867,28,1,0.49999999999999994,0,Non-Diabetic
5,139,64,35,140,28.6,0.411,26,0,0.3486521870553391,0,Non-Diabetic
13,126,90,0,0,43.4,0.583,42,1,0.645419810053957,1,Diabetic
4,129,86,20,270,35.1,0.231,23,0,0.3132896767709397,0,Non-Diabetic
1,79,75,30,0,32.0,0.396,22,0,0.26319747632713214,0,Non-Diabetic
1,0,48,20,0,24.7,0.14,22,0,0.24547038327526108,0,Non-Diabetic
7,62,78,0,0,32.6,0.391,41,0,0.2558162855996791,0,Non-Diabetic
5,95,72,33,0,37.7,0.37,27,0,0.22982648899826175,0,Non-Diabetic
0,131,0,0,0,43.2,0.27,26,1,0.1555555555555555,0,Non-Diabetic
2,112,66,22,0,25.0,0.307,24,0,0.2821886221938966,0,Non-Diabetic
3,113,44,13,0,22.4,0.14,22,0,0.28133499006692914,0,Non-Diabetic
2,74,0,0,0,0.0,0.102,22,0,0.1555555555555555,0,Non-Diabetic
7,83,78,26,71,29.3,0.767,36,0,0.3288293682621663,0,Non-Diabetic
0,101,65,28,0,24.6,0.237,22,0,0.28133499006692914,0,Non-Diabetic
5,137,108,0,0,48.8,0.227,37,1,0.6216259100694194,1,Diabetic
2,110,74,29,125,32.4,0.698,27,0,0.49999999999999994,0,Non-Diabetic
13,106,72,54,0,36.6,0.178,45,0,0.7126105027138613,1,Diabetic
2,100,68,25,71,38.5,0.324,26,0,0.24601949707139614,0,Non-Diabetic
15,136,70,32,110,37.1,0.153,43,1,0.4999999999999997,0,Non-Diabetic
1,107,68,19,0,26.5,0.165,24,0,0.2714616443498935,0,Non-Diabetic
1,80,55,0,0,19.1,0.258,21,0,0.1555555555555555,0,Non-Diabetic
4,123,80,15,176,32.0,0.443,34,0,0.39287391708333363,0,Non-Diabetic
7,81,78,40,48,46.7,0.261,42,0,0.30100734277661134,0,Non-Diabetic
4,134,72,0,0,23.8,0.277,60,1,0.49999999999999983,0,Non-Diabetic
2,142,82,18,64,24.7,0.761,21,0,0.5000000000000001,1,Diabetic
6,144,72,27,228,33.9,0.255,40,0,0.5784574708795952,1,Diabetic
2,92,62,28,0,31.6,0.13,24,0,0.24707037046458558,0,Non-Diabetic
1,71,48,18,76,20.4,0.323,22,0,0.17822401135657945,0,Non-Diabetic
6,93,50,30,64,28.7,0.356,23,0,0.31340281071524506,0,Non-Diabetic
1,122,90,51,220,49.7,0.325,31,1,0.48111985676796293,0,Non-Diabetic
1,163,72,0,0,39.0,1.222,33,1,0.8353035509736537,1,Diabetic
1,151,60,0,0,26.1,0.179,22,0,0.23097441308837743,0,Non-Diabetic
0,125,96,0,0,22.5,0.262,21,0,0.2856262472121138,0,Non-Diabetic
1,81,72,18,40,26.6,0.283,24,0,0.28840806395550905,0,Non-Diabetic
2,85,65,0,0,39.6,0.93,27,0,0.17619047619047618,0,Non-Diabetic
1,126,56,29,152,28.7,0.801,21,0,0.49999999999999994,0,Non-Diabetic
1,96,122,0,0,22.4,0.207,27,0,0.2107973280469361,0,Non-Diabetic
4,144,58,28,140,29.5,0.287,37,0,0.3789515194557625,0,Non-Diabetic
3,83,58,31,18,34.3,0.336,25,0,0.16252410901467496,0,Non-Diabetic
0,95,85,25,36,37.4,0.247,24,1,0.1555555555555555,0,Non-Diabetic
3,171,72,33,135,33.3,0.199,24,1,0.4439459233586507,0,Non-Diabetic
8,155,62,26,495,34.0,0.543,46,1,0.6573217419046099,1,Diabetic
1,89,76,34,37,31.2,0.192,23,0,0.2558162855996791,0,Non-Diabetic
4,76,62,0,0,34.0,0.391,25,0,0.16333333333333333,0,Non-Diabetic
7,160,54,32,175,30.5,0.588,39,1,0.6993350493350498,1,Diabetic
4,146,92,0,0,31.2,0.539,61,1,0.6276287657920298,1,Diabetic
5,124,74,0,0,34.0,0.22,38,1,0.41005514705882334,0,Non-Diabetic
5,78,48,0,0,33.7,0.654,25,0,0.18543994356704596,0,Non-Diabetic
4,97,60,23,0,28.2,0.443,22,0,0.37447690966566194,0,Non-Diabetic
4,99,76,15,51,23.2,0.223,21,0,0.26325825218060755,0,Non-Diabetic
0,162,76,56,100,53.2,0.759,25,1,0.714373752787886,1,Diabetic
6,111,64,39,0,34.2,0.26,24,0,0.24547038327526108,0,Non-Diabetic
2,107,74,30,100,33.6,0.404,23,0,0.30310385608810153,0,Non-Diabetic
5,132,80,0,0,26.8,0.186,69,0,0.49999999999999994,0,Non-Diabetic
0,113,76,0,0,33.3,0.278,23,1,0.1905050505050507,0,Non-Diabetic
1,88,30,42,99,55.0,0.496,26,1,0.3457373737373742,0,Non-Diabetic
3,120,70,30,135,42.9,0.452,30,0,0.39722893661420755,0,Non-Diabetic
1,118,58,36,94,33.3,0.261,23,0,0.19557711085318477,0,Non-Diabetic
1,117,88,24,145,34.5,0.403,40,1,0.59796408684227,1,Diabetic
0,105,84,0,0,27.9,0.741,62,1,0.49999999999999994,0,Non-Diabetic
4,173,70,14,168,29.7,0.361,33,1,0.3078250223546505,0,Non-Diabetic
9,122,56,0,0,33.3,1.114,33,1,0.6612720614294155,1,Diabetic
3,170,64,37,225,34.5,0.356,30,1,0.531664570230608,1,Diabetic
8,84,74,31,0,38.3,0.457,39,0,0.27997785702631506,0,Non-Diabetic
2,96,68,13,49,21.1,0.647,26,0,0.318685350728517,0,Non-Diabetic
2,125,60,20,140,33.8,0.088,31,0,0.2763145258103241,0,Non-Diabetic
0,100,70,26,50,30.8,0.597,21,0,0.4999999999999999,0,Non-Diabetic
0,93,60,25,92,28.7,0.532,22,0,0.39926957666154855,0,Non-Diabetic
0,129,80,0,0,31.2,0.703,29,0,0.4999999999999999,0,Non-Diabetic
5,105,72,29,325,36.9,0.159,28,0,0.25968781470292057,0,Non-Diabetic
3,128,78,0,0,21.1,0.268,55,0,0.4018730933496033,0,Non-Diabetic
5,106,82,30,0,39.5,0.286,38,0,0.3939503715498936,0,Non-Diabetic
2,108,52,26,63,32.5,0.318,22,0,0.2524488723630202,0,Non-Diabetic
10,108,66,0,0,32.4,0.272,42,1,0.4999999999999999,0,Non-Diabetic
4,154,62,31,284,32.8,0.237,23,0,0.40065090038193785,0,Non-Diabetic
0,102,75,23,0,0.0,0.572,21,0,0.1555555555555555,0,Non-Diabetic
9,57,80,37,0,32.8,0.096,41,0,0.2558162855996791,0,Non-Diabetic
2,106,64,35,119,30.5,1.4,34,0,0.5590791896869243,1,Diabetic
5,147,78,0,0,33.7,0.218,65,0,0.6298495051790305,1,Diabetic
2,90,70,17,0,27.3,0.085,22,0,0.2819402985074626,0,Non-Diabetic
1,136,74,50,204,37.4,0.399,24,0,0.5295850682212885,1,Diabetic
4,114,65,0,0,21.9,0.432,37,0,0.3814507449573527,0,Non-Diabetic
9,156,86,28,155,34.3,1.189,42,1,0.6846884232357026,1,Diabetic
1,153,82,42,485,40.6,0.687,23,0,0.671702770557,1,Diabetic
8,188,78,0,0,47.9,0.137,43,1,0.7285383556501063,1,Diabetic
7,152,88,44,0,50.0,0.337,36,1,0.5000000000000001,1,Diabetic
2,99,52,15,94,24.6,0.637,21,0,0.48003577486168447,0,Non-Diabetic
1,109,56,21,135,25.2,0.833,23,0,0.49999999999999983,0,Non-Diabetic
2,88,74,19,53,29.0,0.229,22,0,0.28466883234073254,0,Non-Diabetic
17,163,72,41,114,40.9,0.817,47,1,0.6900915695365203,1,Diabetic
4,151,90,38,0,29.7,0.294,36,0,0.3394153348169129,0,Non-Diabetic
7,102,74,40,105,37.2,0.204,45,0,0.49999999999999994,0,Non-Diabetic
0,114,80,34,285,44.2,0.167,27,0,0.2379372197309415,0,Non-Diabetic
2,100,64,23,0,29.7,0.368,21,0,0.305007153616754,0,Non-Diabetic
0,131,88,0,0,31.6,0.743,32,1,0.6224249387254902,1,Diabetic
6,104,74,18,156,29.9,0.722,41,1,0.49999999999999967,0,Non-Diabetic
3,148,66,25,0,32.5,0.256,22,0,0.3521659005201747,0,Non-Diabetic
4,120,68,0,0,29.6,0.709,34,0,0.5,1,Diabetic
4,110,66,0,0,31.9,0.471,29,0,0.42518042783578586,0,Non-Diabetic
3,111,90,12,78,28.4,0.495,29,0,0.48491340450771037,0,Non-Diabetic
6,102,82,0,0,30.8,0.18,36,1,0.33820760485692525,0,Non-Diabetic
6,134,70,23,130,35.4,0.542,29,1,0.5,1,Diabetic
2,87,0,23,0,28.9,0.773,25,0,0.35425691218744176,0,Non-Diabetic
1,79,60,42,48,43.5,0.678,23,0,0.2840887840258659,0,Non-Diabetic
2,75,64,24,55,29.7,0.37,33,0,0.2917862557218764,0,Non-Diabetic
8,179,72,42,130,32.7,0.719,36,1,0.7116807801675539,1,Diabetic
6,85,78,0,0,31.2,0.382,42,0,0.3113884107860015,0,Non-Diabetic
0,129,110,46,130,67.1,0.319,26,1,0.5104520774504745,1,Diabetic
5,143,78,0,0,45.0,0.19,47,0,0.5600404873763414,1,Diabetic
5,130,82,0,0,39.1,0.956,37,1,0.49999999999999994,0,Non-Diabetic
6,87,80,0,0,23.2,0.084,32,0,0.2807587939254033,0,Non-Diabetic
0,119,64,18,92,34.9,0.725,23,0,0.49999999999999983,0,Non-Diabetic
1,0,74,20,23,27.7,0.299,21,0,0.2910230003432886,0,Non-Diabetic
5,73,60,0,0,26.8,0.268,27,0,0.1555555555555555,0,Non-Diabetic
4,141,74,0,0,27.6,0.244,40,0,0.49999999999999983,0,Non-Diabetic
7,194,68,28,0,35.9,0.745,41,1,0.7097465383207356,1,Diabetic
8,181,68,36,495,30.1,0.615,60,1,0.7263303058584295,1,Diabetic
1,128,98,41,58,32.0,1.321,33,1,0.6344689141114689,1,Diabetic
8,109,76,39,114,27.9,0.64,31,1,0.49999999999999994,0,Non-Diabetic
5,139,80,35,160,31.6,0.361,25,1,0.30670504308395924,0,Non-Diabetic
3,111,62,0,0,22.6,0.142,21,0,0.2772594218807171,0,Non-Diabetic
9,123,70,44,94,33.1,0.374,40,0,0.647792106656698,1,Diabetic
7,159,66,0,0,30.4,0.383,36,1,0.5528483287730024,1,Diabetic
11,135,0,0,0,52.3,0.578,40,1,0.4999999999999999,0,Non-Diabetic
8,85,55,20,0,24.4,0.136,42,0,0.32071441556080743,0,Non-Diabetic
5,158,84,41,210,39.4,0.395,29,1,0.5192707376626865,1,Diabetic
1,105,58,0,0,24.3,0.187,21,0,0.25968781470292057,0,Non-Diabetic
3,107,62,13,48,22.9,0.678,23,1,0.4999999999999997,0,Non-Diabetic
4,109,64,44,99,34.8,0.905,26,1,0.6194141419744801,1,Diabetic
4,148,60,27,318,30.9,0.15,29,1,0.330254370092277,0,Non-Diabetic
0,113,80,16,0,31.0,0.874,21,0,0.4999999999999996,0,Non-Diabetic
1,138,82,0,0,40.1,0.236,28,0,0.1555555555555555,0,Non-Diabetic
0,108,68,20,0,27.3,0.787,32,0,0.49999999999999994,0,Non-Diabetic
2,99,70,16,44,20.4,0.235,27,0,0.23097441308837743,0,Non-Diabetic
6,103,72,32,190,37.7,0.324,55,0,0.5000000000000001,1,Diabetic
5,111,72,28,0,23.9,0.407,27,0,0.3402749411884239,0,Non-Diabetic
8,196,76,29,280,37.5,0.605,57,1,0.7285383556501063,1,Diabetic
5,162,104,0,0,37.7,0.151,52,1,0.8444444444444443,1,Diabetic
1,96,64,27,87,33.2,0.289,21,0,0.1948668367087415,0,Non-Diabetic
7,184,84,33,0,35.5,0.355,41,1,0.7441837144003208,1,Diabetic
2,81,60,22,0,27.7,0.29,25,0,0.26438524061411467,0,Non-Diabetic
0,147,85,54,0,42.8,0.375,24,0,0.5571295196944369,1,Diabetic
7,179,95,31,0,34.2,0.164,60,0,0.7414980680368448,1,Diabetic
0,140,65,26,130,42.6,0.431,24,1,0.34499189095323113,0,Non-Diabetic
9,112,82,32,175,34.2,0.26,36,1,0.35489585781598043,0,Non-Diabetic
12,151,70,40,271,41.8,0.742,38,1,0.668199224865891,1,Diabetic
5,109,62,41,129,35.8,0.514,25,1,0.5397149419161631,1,Diabetic
6,125,68,30,120,30.0,0.464,32,0,0.4115046679682077,0,Non-Diabetic
5,85,74,22,0,29.0,1.224,32,1,0.3417219356423483,0,Non-Diabetic
5,112,66,0,0,37.8,0.261,41,1,0.49999999999999967,0,Non-Diabetic
0,177,60,29,478,34.6,1.072,21,1,0.7507261130785636,1,Diabetic
2,158,90,0,0,31.6,0.805,66,1,0.6810431154381084,1,Diabetic
7,119,0,0,0,25.2,0.209,37,0,0.3841646099366888,0,Non-Diabetic
7,142,60,33,190,28.8,0.687,61,0,0.5342405246776826,1,Diabetic
1,100,66,15,56,23.6,0.666,26,0,0.5,1,Diabetic
1,87,78,27,32,34.6,0.101,22,0,0.1555555555555555,0,Non-Diabetic
0,101,76,0,0,35.7,0.198,26,0,0.1555555555555555,0,Non-Diabetic
3,162,52,38,0,37.2,0.652,24,1,0.6954537507583308,1,Diabetic
4,197,70,39,744,36.7,2.329,31,0,0.8444444444444443,1,Diabetic
0,117,80,31,53,45.2,0.089,24,0,0.1555555555555555,0,Non-Diabetic
4,142,86,0,0,44.0,0.645,22,1,0.5409495306316026,1,Diabetic
6,134,80,37,370,46.2,0.238,46,1,0.49999999999999983,0,Non-Diabetic
1,79,80,25,37,25.4,0.583,22,0,0.3108944343193609,0,Non-Diabetic
4,122,68,0,0,35.0,0.394,29,0,0.34342490456732633,0,Non-Diabetic
3,74,68,28,45,29.7,0.293,23,0,0.27835179859857156,0,Non-Diabetic
4,171,72,0,0,43.6,0.479,26,1,0.7304259150573321,1,Diabetic
7,181,84,21,192,35.9,0.586,51,1,0.7180597014925374,1,Diabetic
0,179,90,27,0,44.1,0.686,23,1,0.7152939137692614,1,Diabetic
9,164,84,21,0,30.8,0.831,32,1,0.6935973976272485,1,Diabetic
0,104,76,0,0,18.4,0.582,27,0,0.15935483870967737,0,Non-Diabetic
1,91,64,24,0,29.2,0.192,21,0,0.2772594218807171,0,Non-Diabetic
4,91,70,32,88,33.1,0.446,22,0,0.2761517029070221,0,Non-Diabetic
3,139,54,0,0,25.6,0.402,22,1,0.33590438384887084,0,Non-Diabetic
6,119,50,22,176,27.1,1.318,33,1,0.49999999999999983,0,Non-Diabetic
2,146,76,35,194,38.2,0.329,29,0,0.3494611570462964,0,Non-Diabetic
9,184,85,15,0,30.0,1.213,49,1,0.7084998287475739,1,Diabetic
10,122,68,0,0,31.2,0.258,41,0,0.4999999999999999,0,Non-Diabetic
0,165,90,33,680,52.3,0.427,23,0,0.6144610735454947,1,Diabetic
9,124,70,33,402,35.4,0.282,34,0,0.17176470588235296,0,Non-Diabetic
1,111,86,19,0,30.1,0.143,23,0,0.281373193678399,0,Non-Diabetic
9,106,52,0,0,31.2,0.38,42,0,0.4999999999999999,0,Non-Diabetic
2,129,84,0,0,28.0,0.284,27,0,0.29012313104661386,0,Non-Diabetic
2,90,80,14,55,24.4,0.249,24,0,0.2793943629680578,0,Non-Diabetic
0,86,68,32,0,35.8,0.238,25,0,0.1555555555555555,0,Non-Diabetic
12,92,62,7,258,27.6,0.926,44,1,0.39039553817433986,0,Non-Diabetic
1,113,64,35,0,33.6,0.543,21,1,0.49999999999999983,0,Non-Diabetic
3,111,56,39,0,30.1,0.557,30,0,0.4999999999999998,0,Non-Diabetic
2,114,68,22,0,28.7,0.092,25,0,0.28309045427110835,0,Non-Diabetic
1,193,50,16,375,25.9,0.655,24,0,0.6392102218950463,1,Diabetic
11,155,76,28,150,33.3,1.353,51,1,0.6745539025948147,1,Diabetic
3,191,68,15,130,30.9,0.299,34,0,0.38217265108817156,0,Non-Diabetic
3,141,0,0,0,30.0,0.761,27,1,0.5,1,Diabetic
4,95,70,32,0,32.1,0.612,24,0,0.3770445181388804,0,Non-Diabetic
3,142,80,15,0,32.4,0.2,63,0,0.5409495306316026,1,Diabetic
4,123,62,0,0,32.0,0.226,35,1,0.34857778028444425,0,Non-Diabetic
5,96,74,18,67,33.6,0.997,43,0,0.42577441647107345,0,Non-Diabetic
0,138,0,0,0,36.3,0.933,25,1,0.42577441647107345,0,Non-Diabetic
2,128,64,42,0,40.0,1.101,24,0,0.6249857477831645,1,Diabetic
0,102,52,0,0,25.1,0.078,21,0,0.24707037046458571,0,Non-Diabetic
2,146,0,0,0,27.5,0.24,28,1,0.2558162855996791,0,Non-Diabetic
10,101,86,37,0,45.6,1.136,38,1,0.6634238267484868,1,Diabetic
2,108,62,32,56,25.2,0.128,21,0,0.2860772248398917,0,Non-Diabetic
3,122,78,0,0,23.0,0.254,40,0,0.49999999999999994,0,Non-Diabetic
1,71,78,50,45,33.2,0.422,21,0,0.44440738820143905,0,Non-Diabetic
13,106,70,0,0,34.2,0.251,52,0,0.5000000000000001,1,Diabetic
2,100,70,52,57,40.5,0.677,25,0,0.7469157975475401,1,Diabetic
7,106,60,24,0,26.5,0.296,29,1,0.2772594218807171,0,Non-Diabetic
0,104,64,23,116,27.8,0.454,23,0,0.39108851069975703,0,Non-Diabetic
5,114,74,0,0,24.9,0.744,57,0,0.49999999999999994,0,Non-Diabetic
2,108,62,10,278,25.3,0.881,22,0,0.49999999999999994,0,Non-Diabetic
0,146,70,0,0,37.9,0.334,28,1,0.3072825336911325,0,Non-Diabetic
10,129,76,28,122,35.9,0.28,39,0,0.4270079635949942,0,Non-Diabetic
7,133,88,15,155,32.4,0.262,37,0,0.46621059190031156,0,Non-Diabetic
7,161,86,0,0,30.4,0.165,47,1,0.6850457984866593,1,Diabetic
2,108,80,0,0,27.0,0.259,52,1,0.49999999999999994,0,Non-Diabetic
7,136,74,26,135,26.0,0.647,51,0,0.5,1,Diabetic
5,155,84,44,545,38.7,0.619,34,0,0.6753333333333333,1,Diabetic
1,119,86,39,220,45.6,0.808,29,1,0.5330684057327897,1,Diabetic
4,96,56,17,49,20.8,0.34,26,0,0.2251774771101777,0,Non-Diabetic
5,108,72,43,75,36.1,0.263,33,0,0.3778091621543483,0,Non-Diabetic
0,78,88,29,40,36.9,0.434,21,0,0.3211205007824726,0,Non-Diabetic
0,107,62,30,74,36.6,0.757,25,1,0.3211205007824726,0,Non-Diabetic
2,128,78,37,182,43.3,1.224,31,1,0.6440346700587541,1,Diabetic
1,128,48,45,194,40.5,0.613,24,1,0.6192753843519437,1,Diabetic
0,161,50,0,0,21.9,0.254,65,0,0.7902224850737857,1,Diabetic
6,151,62,31,120,35.5,0.692,28,0,0.668199224865891,1,Diabetic
2,146,70,38,360,28.0,0.337,29,1,0.36923097610688,0,Non-Diabetic
0,126,84,29,215,30.7,0.52,24,0,0.5,1,Diabetic
14,100,78,25,184,36.6,0.412,46,1,0.49999999999999983,0,Non-Diabetic
8,112,72,0,0,23.6,0.84,58,0,0.5,1,Diabetic
0,167,0,0,0,32.3,0.839,30,1,0.6451458153910934,1,Diabetic
2,144,58,33,135,31.6,0.422,25,1,0.40790322066095264,0,Non-Diabetic
5,77,82,41,42,35.8,0.156,35,0,0.22578840697203134,0,Non-Diabetic
5,115,98,0,0,52.9,0.209,28,1,0.48468398660032314,0,Non-Diabetic
3,150,76,0,0,21.0,0.207,37,0,0.3317971225263593,0,Non-Diabetic
2,120,76,37,105,39.7,0.215,29,0,0.24547038327526108,0,Non-Diabetic
10,161,68,23,132,25.5,0.326,47,1,0.6825537961835159,1,Diabetic
0,137,68,14,148,24.8,0.143,21,0,0.28133499006692914,0,Non-Diabetic
0,128,68,19,180,30.5,1.391,25,1,0.5474322326269098,1,Diabetic
2,124,68,28,205,32.9,0.875,30,1,0.49999999999999994,0,Non-Diabetic
6,80,66,30,0,26.2,0.313,41,0,0.323867625684676,0,Non-Diabetic
0,106,70,37,148,39.4,0.605,22,0,0.4999999999999999,0,Non-Diabetic
2,155,74,17,96,26.6,0.433,27,1,0.3805640775400231,0,Non-Diabetic
3,113,50,10,85,29.5,0.626,25,0,0.5,1,Diabetic
7,109,80,31,0,35.9,1.127,43,1,0.6164844266727428,1,Diabetic
2,112,68,22,94,34.1,0.315,26,0,0.25122636378469493,0,Non-Diabetic
3,99,80,11,64,19.3,0.284,30,0,0.23097441308837743,0,Non-Diabetic
3,182,74,0,0,30.5,0.345,29,1,0.32955115758028386,0,Non-Diabetic
3,115,66,39,140,38.1,0.15,28,0,0.2819402985074626,0,Non-Diabetic
6,194,78,0,0,23.5,0.129,59,1,0.6415626856803331,1,Diabetic
4,129,60,12,231,27.5,0.527,31,0,0.49999999999999994,0,Non-Diabetic
3,112,74,30,0,31.6,0.197,25,1,0.2793943629680578,0,Non-Diabetic
0,124,70,20,0,27.4,0.254,36,1,0.36671077116039047,0,Non-Diabetic
13,152,90,33,29,26.8,0.731,43,1,0.6354584630822061,1,Diabetic
2,112,75,32,0,35.7,0.148,21,0,0.24547038327526108,0,Non-Diabetic
1,157,72,21,168,25.6,0.123,24,0,0.28840806395550905,0,Non-Diabetic
1,122,64,32,156,35.1,0.692,30,1,0.4999999999999998,0,Non-Diabetic
10,179,70,0,0,35.1,0.2,37,0,0.6550151057401814,1,Diabetic
2,102,86,36,120,45.5,0.127,23,1,0.27485418875927903,0,Non-Diabetic
6,105,70,32,68,30.8,0.122,37,0,0.36206031435021463,0,Non-Diabetic
8,118,72,19,0,23.1,1.476,46,0,0.49999999999999994,0,Non-Diabetic
2,87,58,16,52,32.7,0.166,25,0,0.1798273833632281,0,Non-Diabetic
1,180,0,0,0,43.3,0.282,41,1,0.8444444444444443,1,Diabetic
12,106,80,0,0,23.6,0.137,44,0,0.4999999999999998,0,Non-Diabetic
1,95,60,18,58,23.9,0.26,22,0,0.21796296296296302,0,Non-Diabetic
0,165,76,43,255,47.9,0.259,26,0,0.47493158182813333,0,Non-Diabetic
0,117,0,0,0,33.8,0.932,44,0,0.4999999999999998,0,Non-Diabetic
5,115,76,0,0,31.2,0.343,44,1,0.49999999999999994,0,Non-Diabetic
9,152,78,34,171,34.2,0.893,33,1,0.6699357739242134,1,Diabetic
7,178,84,0,0,39.9,0.331,41,1,0.7441837144003208,1,Diabetic
1,130,70,13,105,25.9,0.472,22,0,0.4369171361903135,0,Non-Diabetic
1,95,74,21,73,25.9,0.673,36,0,0.4272517757257263,0,Non-Diabetic
1,0,68,35,0,32.0,0.389,22,0,0.23678579307302045,0,Non-Diabetic
5,122,86,0,0,34.7,0.29,33,0,0.33722474006931535,0,Non-Diabetic
8,95,72,0,0,36.8,0.485,57,0,0.41382797982479425,0,Non-Diabetic
8,126,88,36,108,38.5,0.349,49,0,0.582652027027027,1,Diabetic
1,139,46,19,83,28.7,0.654,22,0,0.4999999999999998,0,Non-Diabetic
3,116,0,0,0,23.5,0.187,23,0,0.2819402985074626,0,Non-Diabetic
3,99,62,19,74,21.8,0.279,26,0,0.23097441308837746,0,Non-Diabetic
5,0,80,32,0,41.0,0.346,37,1,0.1555555555555555,0,Non-Diabetic
4,92,80,0,0,42.2,0.237,29,0,0.17658822844519229,0,Non-Diabetic
4,137,84,0,0,31.2,0.252,30,0,0.28133499006692914,0,Non-Diabetic
3,61,82,28,0,34.4,0.243,46,0,0.1555555555555555,0,Non-Diabetic
1,90,62,12,43,27.2,0.58,24,0,0.3524731262693811,0,Non-Diabetic
3,90,78,0,0,42.7,0.559,21,0,0.18383838383838386,0,Non-Diabetic
9,165,88,0,0,30.4,0.302,49,1,0.6938346967018808,1,Diabetic
1,125,50,40,167,33.3,0.962,28,1,0.5,1,Diabetic
13,129,0,30,0,39.9,0.569,44,1,0.4999999999999998,0,Non-Diabetic
12,88,74,40,54,35.3,0.378,48,0,0.36553108588853145,0,Non-Diabetic
1,196,76,36,249,36.5,0.875,29,1,0.7111653116531165,1,Diabetic
5,189,64,33,325,31.2,0.583,29,1,0.6199696262082421,1,Diabetic
5,158,70,0,0,29.8,0.207,63,0,0.6239962476547842,1,Diabetic
5,103,108,37,0,39.2,0.305,65,0,0.748380421839741,1,Diabetic
4,146,78,0,0,38.5,0.52,67,1,0.6132638888888889,1,Diabetic
4,147,74,25,293,34.9,0.385,30,0,0.40276472969408184,0,Non-Diabetic
5,99,54,28,83,34.0,0.499,30,0,0.46460118378151183,0,Non-Diabetic
6,124,72,0,0,27.6,0.368,29,1,0.32519680916761823,0,Non-Diabetic
0,101,64,17,0,21.0,0.252,21,0,0.20309063958291684,0,Non-Diabetic
3,81,86,16,66,27.5,0.306,22,0,0.23510676466479843,0,Non-Diabetic
1,133,102,28,140,32.8,0.234,45,1,0.6650519577113303,1,Diabetic
3,173,82,48,465,38.4,2.137,25,1,0.8444444444444443,1,Diabetic
0,118,64,23,89,0.0,1.731,21,0,0.28840806395550905,0,Non-Diabetic
0,84,64,22,66,35.8,0.545,21,0,0.1747008547008547,0,Non-Diabetic
2,105,58,40,94,34.9,0.225,25,0,0.24547038327526108,0,Non-Diabetic
2,122,52,43,158,36.2,0.816,28,0,0.5908002783576897,1,Diabetic
12,140,82,43,325,39.2,0.528,58,1,0.605,1,Diabetic
0,98,82,15,84,25.2,0.299,22,0,0.2714616443498935,0,Non-Diabetic
1,87,60,37,75,37.2,0.509,22,0,0.17921079958463138,0,Non-Diabetic
4,156,75,0,0,48.3,0.238,32,1,0.4441700222698613,0,Non-Diabetic
0,93,100,39,72,43.4,1.021,35,0,0.6868221250607259,1,Diabetic
1,107,72,30,82,30.8,0.821,24,0,0.4999999999999999,0,Non-Diabetic
0,105,68,22,0,20.0,0.236,22,0,0.1555555555555555,0,Non-Diabetic
1,109,60,8,182,25.4,0.947,21,0,0.5,1,Diabetic
1,90,62,18,59,25.1,1.268,25,0,0.29781842818428184,0,Non-Diabetic
1,125,70,24,110,24.3,0.221,25,0,0.27835179859857156,0,Non-Diabetic
1,119,54,13,50,22.3,0.205,24,0,0.24465403151938508,0,Non-Diabetic
5,116,74,29,0,32.3,0.66,35,1,0.49999999999999994,0,Non-Diabetic
8,105,100,36,0,43.3,0.239,45,1,0.7180597014925374,1,Diabetic
5,144,82,26,285,32.0,0.452,58,1,0.5784574708795952,1,Diabetic
3,100,68,23,81,31.6,0.949,28,0,0.49999999999999983,0,Non-Diabetic
1,100,66,29,196,32.0,0.444,42,0,0.49999999999999994,0,Non-Diabetic
5,166,76,0,0,45.7,0.34,27,1,0.5113020687072919,1,Diabetic
1,131,64,14,415,23.7,0.389,21,0,0.31898182398499497,0,Non-Diabetic
4,116,72,12,87,22.1,0.463,37,0,0.41830773148753686,0,Non-Diabetic
4,158,78,0,0,32.9,0.803,31,1,0.6782067861112675,1,Diabetic
2,127,58,24,275,27.7,1.6,25,0,0.49999999999999983,0,Non-Diabetic
3,96,56,34,115,24.7,0.944,39,0,0.4348467719932253,0,Non-Diabetic
0,131,66,40,0,34.3,0.196,22,1,0.1555555555555555,0,Non-Diabetic
3,82,70,0,0,21.1,0.389,25,0,0.23983012681001706,0,Non-Diabetic
3,193,70,31,0,34.9,0.241,25,1,0.49729520996934856,0,Non-Diabetic
4,95,64,0,0,32.0,0.161,31,1,0.24044729917969382,0,Non-Diabetic
6,137,61,0,0,24.2,0.151,55,0,0.5,1,Diabetic
5,136,84,41,88,35.0,0.286,35,1,0.3678010471204196,0,Non-Diabetic
9,72,78,25,0,31.6,0.28,38,0,0.2521816605378584,0,Non-Diabetic
5,168,64,0,0,32.9,0.135,41,1,0.7578997607557594,1,Diabetic
2,123,48,32,165,42.1,0.52,26,0,0.49999999999999983,0,Non-Diabetic
4,115,72,0,0,28.9,0.376,46,1,0.49999999999999994,0,Non-Diabetic
0,101,62,0,0,21.9,0.336,25,0,0.24824310027278723,0,Non-Diabetic
8,197,74,0,0,25.9,1.191,39,1,0.7102496599071,1,Diabetic
1,172,68,49,579,42.4,0.702,28,1,0.7133741329211315,1,Diabetic
6,102,90,39,0,35.7,0.674,28,0,0.6664919636617754,1,Diabetic
1,112,72,30,176,34.4,0.528,25,0,0.49999999999999967,0,Non-Diabetic
1,143,84,23,310,42.4,1.076,22,0,0.6575437694704048,1,Diabetic
1,143,74,22,61,26.2,0.256,21,0,0.29075913494251415,0,Non-Diabetic
0,138,60,35,167,34.6,0.534,21,1,0.49999999999999967,0,Non-Diabetic
3,173,84,33,474,35.7,0.258,22,1,0.49999999999999983,0,Non-Diabetic
1,97,68,21,0,27.2,1.095,22,0,0.4429519857735625,0,Non-Diabetic
4,144,82,32,0,38.5,0.554,37,1,0.5784574708795952,1,Diabetic
1,83,68,0,0,18.2,0.624,27,0,0.15743169398907098,0,Non-Diabetic
3,129,64,29,115,26.4,0.219,28,1,0.29125114596236323,0,Non-Diabetic
1,119,88,41,170,45.3,0.507,26,0,0.5864678595096091,1,Diabetic
2,94,68,18,76,26.0,0.561,21,0,0.401350806451613,0,Non-Diabetic
0,102,64,46,78,40.6,0.496,21,0,0.7867687988067036,1,Diabetic
2,115,64,22,0,30.8,0.421,21,0,0.33926007826957083,0,Non-Diabetic
8,151,78,32,210,42.9,0.516,36,1,0.6839540918298139,1,Diabetic
4,184,78,39,277,37.0,0.264,31,1,0.5143235463442715,1,Diabetic
0,94,0,0,0,0.0,0.256,25,0,0.1555555555555555,0,Non-Diabetic
1,181,64,30,180,34.1,0.328,38,1,0.6913931187393598,1,Diabetic
0,135,94,46,145,40.6,0.284,26,0,0.44378155589902124,0,Non-Diabetic
1,95,82,25,180,35.0,0.233,43,1,0.3298821907617046,0,Non-Diabetic
2,99,0,0,0,22.2,0.108,23,0,0.23097441308837743,0,Non-Diabetic
3,89,74,16,85,30.4,0.551,38,0,0.35211622360108896,0,Non-Diabetic
1,80,74,11,60,30.0,0.527,22,0,0.30775430419400335,0,Non-Diabetic
2,139,75,0,0,25.6,0.167,29,0,0.28840806395550905,0,Non-Diabetic
1,90,68,8,0,24.5,1.138,36,0,0.36186483916602935,0,Non-Diabetic
0,141,0,0,0,42.4,0.205,29,1,0.18283000275905512,0,Non-Diabetic
12,140,85,33,0,37.4,0.244,41,0,0.4999999999999999,0,Non-Diabetic
5,147,75,0,0,29.9,0.434,28,0,0.36730363269342253,0,Non-Diabetic
1,97,70,15,0,18.2,0.147,21,0,0.1555555555555555,0,Non-Diabetic
6,107,88,0,0,36.8,0.727,31,0,0.6241878172588833,1,Diabetic
0,189,104,25,0,34.3,0.435,41,1,0.8053492544731964,1,Diabetic
2,83,66,23,50,32.2,0.497,22,0,0.27289848984147286,0,Non-Diabetic
4,117,64,27,120,33.2,0.23,24,0,0.28732183981804305,0,Non-Diabetic
8,108,70,0,0,30.5,0.955,33,1,0.49999999999999983,0,Non-Diabetic
4,117,62,12,0,29.7,0.38,30,1,0.3291961010095602,0,Non-Diabetic
0,180,78,63,14,59.4,2.42,25,1,0.8444444444444443,1,Diabetic
1,100,72,12,70,25.3,0.658,28,0,0.49999999999999994,0,Non-Diabetic
0,95,80,45,92,36.5,0.33,26,0,0.37368357569355415,0,Non-Diabetic
0,104,64,37,64,33.6,0.51,22,1,0.49999999999999983,0,Non-Diabetic
0,120,74,18,63,30.5,0.285,26,0,0.2680952380952381,0,Non-Diabetic
1,82,64,13,95,21.2,0.415,23,0,0.24449682197345735,0,Non-Diabetic
2,134,70,0,0,28.9,0.542,23,1,0.49999999999999994,0,Non-Diabetic
0,91,68,32,210,39.9,0.381,25,0,0.18727091567167686,0,Non-Diabetic
2,119,0,0,0,19.6,0.832,72,0,0.2849219753993024,0,Non-Diabetic
2,100,54,28,105,37.8,0.498,24,0,0.4895075547114662,0,Non-Diabetic
14,175,62,30,0,33.6,0.212,38,1,0.6881761006289308,1,Diabetic
1,135,54,0,0,26.7,0.687,62,0,0.49999999999999994,0,Non-Diabetic
5,86,68,28,71,30.2,0.364,24,0,0.30346744065860387,0,Non-Diabetic
10,148,84,48,237,37.6,1.001,51,1,0.6568484455743311,1,Diabetic
9,134,74,33,60,25.9,0.46,81,0,0.49999999999999983,0,Non-Diabetic
9,120,72,22,56,20.8,0.733,48,0,0.38796195140327766,0,Non-Diabetic
1,71,62,0,0,21.8,0.416,26,0,0.20242873812302023,0,Non-Diabetic
8,74,70,40,49,35.3,0.705,39,0,0.2431745780868591,0,Non-Diabetic
5,88,78,30,0,27.6,0.258,37,0,0.36638108194457364,0,Non-Diabetic
10,115,98,0,0,24.0,1.022,34,0,0.5,1,Diabetic
0,124,56,13,105,21.8,0.452,21,0,0.34312498476390124,0,Non-Diabetic
0,74,52,10,36,27.8,0.269,22,0,0.1555555555555555,0,Non-Diabetic
0,97,64,36,100,36.8,0.6,25,0,0.38390832328106156,0,Non-Diabetic
8,120,0,0,0,30.0,0.183,38,1,0.40431154214559367,0,Non-Diabetic
6,154,78,41,140,46.1,0.571,27,0,0.6787411566927752,1,Diabetic
1,144,82,40,0,41.3,0.607,28,0,0.6566235167206036,1,Diabetic
0,137,70,38,0,33.2,0.17,22,0,0.1948668367087415,0,Non-Diabetic
0,119,66,27,0,38.8,0.259,22,0,0.1555555555555555,0,Non-Diabetic
7,136,90,0,0,29.9,0.21,50,0,0.49999999999999994,0,Non-Diabetic
4,114,64,0,0,28.9,0.126,24,0,0.28309045427110835,0,Non-Diabetic
0,137,84,27,0,27.3,0.231,59,0,0.49999999999999994,0,Non-Diabetic
2,105,80,45,191,33.7,0.711,29,1,0.6504277964616598,1,Diabetic
7,114,76,17,110,23.8,0.466,31,0,0.4132462287549323,0,Non-Diabetic
8,126,74,38,75,25.9,0.162,39,0,0.45269718034365497,0,Non-Diabetic
4,132,86,31,0,28.0,0.419,63,0,0.5,1,Diabetic
3,158,70,30,328,35.5,0.344,35,1,0.526316045775505,1,Diabetic
0,123,88,37,0,35.2,0.197,29,0,0.3118238993710691,0,Non-Diabetic
4,85,58,22,49,27.8,0.306,28,0,0.26672181726337413,0,Non-Diabetic
0,84,82,31,125,38.2,0.233,23,0,0.1555555555555555,0,Non-Diabetic
0,145,0,0,0,44.2,0.63,31,1,0.658265582655827,1,Diabetic
0,135,68,42,250,42.3,0.365,24,1,0.3611879588353243,0,Non-Diabetic
1,139,62,41,480,40.7,0.536,21,0,0.80331450094162,1,Diabetic
0,173,78,32,265,46.5,1.159,58,0,0.8087190366055137,1,Diabetic
4,99,72,17,0,25.6,0.294,28,0,0.28840806395550905,0,Non-Diabetic
8,194,80,0,0,26.1,0.551,67,0,0.7180597014925374,1,Diabetic
2,83,65,28,66,36.8,0.629,24,0,0.17322545846817694,0,Non-Diabetic
2,89,90,30,0,33.5,0.292,42,0,0.486396067324283,0,Non-Diabetic
4,99,68,38,0,32.8,0.145,33,0,0.2567984678389688,0,Non-Diabetic
4,125,70,18,122,28.9,1.144,45,1,0.49999999999999994,0,Non-Diabetic
3,80,0,0,0,0.0,0.174,22,0,0.1555555555555555,0,Non-Diabetic
6,166,74,0,0,26.6,0.304,66,0,0.6666235243919784,1,Diabetic
5,110,68,0,0,26.0,0.292,30,0,0.2749198264478399,0,Non-Diabetic
2,81,72,15,76,30.1,0.547,25,0,0.3107310157030554,0,Non-Diabetic
7,195,70,33,145,25.1,0.163,55,1,0.6815380025138656,1,Diabetic
6,154,74,32,193,29.3,0.839,39,0,0.627605338279164,1,Diabetic
2,117,90,19,71,25.2,0.313,21,0,0.2914011365053349,0,Non-Diabetic
3,84,72,32,0,37.2,0.267,28,0,0.1555555555555555,0,Non-Diabetic
6,0,68,41,0,39.0,0.727,41,1,0.2835754332313969,0,Non-Diabetic
7,94,64,25,79,33.3,0.738,41,0,0.38673611111111106,0,Non-Diabetic
3,96,78,39,0,37.3,0.238,40,0,0.36272048854034505,0,Non-Diabetic
10,75,82,0,0,33.3,0.263,38,0,0.23016199733180875,0,Non-Diabetic
0,180,90,26,90,36.5,0.314,35,1,0.5982456140350878,1,Diabetic
1,130,60,23,170,28.6,0.692,21,0,0.5,1,Diabetic
2,84,50,23,76,30.4,0.968,21,0,0.3208232993566867,0,Non-Diabetic
8,120,78,0,0,25.0,0.409,64,0,0.5,1,Diabetic
12,84,72,31,0,29.7,0.297,46,1,0.33731261741033736,0,Non-Diabetic
0,139,62,17,210,22.1,0.207,21,0,0.2772594218807171,0,Non-Diabetic
9,91,68,0,0,24.2,0.2,58,0,0.37038352582261963,0,Non-Diabetic
2,91,62,0,0,27.3,0.525,22,0,0.33798988815688713,0,Non-Diabetic
3,99,54,19,86,25.6,0.154,24,0,0.2329653458107913,0,Non-Diabetic
3,163,70,18,105,31.6,0.268,28,1,0.36931922043769133,0,Non-Diabetic
9,145,88,34,165,30.3,0.771,53,1,0.573657817109144,1,Diabetic
7,125,86,0,0,37.6,0.304,51,0,0.5323172274222105,1,Diabetic
13,76,60,0,0,32.8,0.18,41,0,0.27305069537909393,0,Non-Diabetic
6,129,90,7,326,19.6,0.582,60,0,0.2849219753993024,0,Non-Diabetic
2,68,70,32,66,25.0,0.187,25,0,0.28466883234073254,0,Non-Diabetic
3,124,80,33,130,33.2,0.305,26,0,0.2839278870094007,0,Non-Diabetic
6,114,0,0,0,0.0,0.189,26,0,0.24547038327526108,0,Non-Diabetic
9,130,70,0,0,34.2,0.652,45,1,0.49999999999999994,0,Non-Diabetic
3,125,58,0,0,31.6,0.151,24,0,0.2819402985074626,0,Non-Diabetic
3,87,60,18,0,21.8,0.444,21,0,0.27730824558375045,0,Non-Diabetic
1,97,64,19,82,18.2,0.299,21,0,0.16203707076225765,0,Non-Diabetic
3,116,74,15,105,26.3,0.107,24,0,0.2910230003432886,0,Non-Diabetic
0,117,66,31,188,30.8,0.493,22,0,0.48147385310308344,0,Non-Diabetic
0,111,65,0,0,24.6,0.66,31,0,0.49999999999999994,0,Non-Diabetic
2,122,60,18,106,29.8,0.717,22,0,0.49999999999999983,0,Non-Diabetic
0,107,76,0,0,45.3,0.686,24,0,0.49999999999999983,0,Non-Diabetic
1,86,66,52,65,41.3,0.917,29,0,0.578505221166256,1,Diabetic
6,91,0,0,0,29.8,0.501,31,0,0.3230510244379146,0,Non-Diabetic
1,77,56,30,56,33.3,1.251,24,0,0.44109513773638687,0,Non-Diabetic
4,132,0,0,0,32.9,0.302,23,1,0.28919906176045557,0,Non-Diabetic
0,105,90,0,0,29.6,0.197,46,0,0.4999999999999996,0,Non-Diabetic
0,57,60,0,0,21.7,0.735,67,0,0.22789576011561036,0,Non-Diabetic
0,127,80,37,210,36.3,0.804,23,0,0.5,1,Diabetic
3,129,92,49,155,36.4,0.968,32,1,0.6762494358357153,1,Diabetic
8,100,74,40,215,39.4,0.661,43,1,0.4999999999999997,0,Non-Diabetic
3,128,72,25,190,32.4,0.549,27,1,0.49999999999999983,0,Non-Diabetic
10,90,85,32,0,34.9,0.825,56,1,0.36761241137116324,0,Non-Diabetic
4,84,90,23,56,39.5,0.159,25,0,0.3467836257309934,0,Non-Diabetic
1,88,78,29,76,32.0,0.365,29,0,0.26599156647829514,0,Non-Diabetic
8,186,90,35,225,34.5,0.423,37,1,0.6550151057401814,1,Diabetic
5,187,76,27,207,43.6,1.034,53,1,0.7421122127962518,1,Diabetic
4,131,68,21,166,33.1,0.16,28,0,0.2893405227511881,0,Non-Diabetic
1,164,82,43,67,32.8,0.341,50,0,0.7507341688747832,1,Diabetic
4,189,110,31,0,28.5,0.68,37,0,0.49999999999999994,0,Non-Diabetic
1,116,70,28,0,27.4,0.204,21,0,0.2903512799908161,0,Non-Diabetic
3,84,68,30,106,31.9,0.591,25,0,0.28764009808553265,0,Non-Diabetic
6,114,88,0,0,27.8,0.247,66,0,0.49999999999999994,0,Non-Diabetic
1,88,62,24,44,29.9,0.422,23,0,0.3516074351314541,0,Non-Diabetic
1,84,64,23,115,36.9,0.471,28,0,0.1747008547008547,0,Non-Diabetic
7,124,70,33,215,25.5,0.161,37,0,0.388125264494287,0,Non-Diabetic
1,97,70,40,0,38.1,0.218,30,0,0.1555555555555555,0,Non-Diabetic
8,110,76,0,0,27.8,0.237,58,0,0.49999999999999983,0,Non-Diabetic
11,103,68,40,0,46.2,0.126,42,0,0.4999999999999999,0,Non-Diabetic
11,85,74,0,0,30.1,0.3,35,0,0.33051092663320847,0,Non-Diabetic
6,125,76,0,0,33.8,0.121,54,1,0.49999999999999983,0,Non-Diabetic
0,198,66,32,274,41.3,0.502,28,1,0.7694812237435646,1,Diabetic
1,87,68,34,77,37.6,0.401,24,0,0.17641512125534947,0,Non-Diabetic
6,99,60,19,54,26.9,0.497,32,0,0.4655711965349217,0,Non-Diabetic
0,91,80,0,0,32.4,0.601,27,0,0.31591505177394785,0,Non-Diabetic
2,95,54,14,88,26.1,0.748,22,0,0.4277063623567979,0,Non-Diabetic
1,99,72,30,18,38.6,0.412,21,0,0.17890636704119853,0,Non-Diabetic
6,92,62,32,126,32.0,0.085,46,0,0.35220789334330144,0,Non-Diabetic
4,154,72,29,126,31.3,0.338,37,0,0.48533591852576896,0,Non-Diabetic
0,121,66,30,165,34.3,0.203,33,1,0.31334763206143873,0,Non-Diabetic
3,78,70,0,0,32.5,0.27,39,0,0.2427913910624246,0,Non-Diabetic
2,130,96,0,0,22.6,0.268,21,0,0.2856262472121138,0,Non-Diabetic
3,111,58,31,44,29.5,0.43,22,0,0.36672812223024454,0,Non-Diabetic
2,98,60,17,120,34.7,0.198,22,0,0.22470968014067175,0,Non-Diabetic
1,143,86,30,330,30.1,0.892,23,0,0.5557596396012912,1,Diabetic
1,119,44,47,63,35.5,0.28,25,0,0.39204164011047377,0,Non-Diabetic
6,108,44,20,130,24.0,0.813,35,0,0.5,1,Diabetic
2,118,80,0,0,42.9,0.693,21,1,0.4999999999999999,0,Non-Diabetic
10,133,68,0,0,27.0,0.245,36,0,0.36264384621089346,0,Non-Diabetic
2,197,70,99,0,34.7,0.575,62,1,0.7344293361093658,1,Diabetic
0,151,90,46,0,42.1,0.371,21,1,0.4400571724543112,0,Non-Diabetic
6,109,60,27,0,25.0,0.206,27,0,0.28466883234073254,0,Non-Diabetic
12,121,78,17,0,26.5,0.259,62,0,0.49999999999999994,0,Non-Diabetic
8,100,76,0,0,38.7,0.19,42,0,0.4999999999999999,0,Non-Diabetic
8,124,76,24,600,28.7,0.687,52,1,0.5000000000000001,1,Diabetic
1,93,56,11,0,22.5,0.417,22,0,0.23334988972091583,0,Non-Diabetic
8,143,66,0,0,34.9,0.129,41,1,0.5672536687631026,1,Diabetic
6,103,66,0,0,24.3,0.249,29,0,0.2558162855996791,0,Non-Diabetic
3,176,86,27,156,33.3,1.154,52,1,0.780814680823946,1,Diabetic
0,73,0,0,0,21.1,0.342,25,0,0.15935483870967734,0,Non-Diabetic
11,111,84,40,0,46.8,0.925,45,1,0.49999999999999994,0,Non-Diabetic
2,112,78,50,140,39.4,0.175,24,0,0.4540295660467328,0,Non-Diabetic
3,132,80,0,0,34.4,0.402,44,1,0.49999999999999994,0,Non-Diabetic
2,82,52,22,115,28.5,1.699,25,0,0.3054906192927117,0,Non-Diabetic
6,123,72,45,230,33.6,0.733,34,0,0.6237019730010382,1,Diabetic
0,188,82,14,185,32.0,0.682,22,1,0.640398074892416,1,Diabetic
0,67,76,0,0,45.3,0.194,46,0,0.1555555555555555,0,Non-Diabetic
1,89,24,19,25,27.8,0.559,21,0,0.33696697132067754,0,Non-Diabetic
1,173,74,0,0,36.8,0.088,38,1,0.7121985815602837,1,Diabetic
1,109,38,18,120,23.1,0.407,26,0,0.32369502723503996,0,Non-Diabetic
1,108,88,19,0,27.1,0.4,24,0,0.326232700128367,0,Non-Diabetic
6,96,0,0,0,23.7,0.19,28,0,0.2107973280469361,0,Non-Diabetic
1,124,74,36,0,27.8,0.1,30,0,0.29075913494251415,0,Non-Diabetic
7,150,78,29,126,35.2,0.692,54,1,0.6245737564480316,1,Diabetic
4,183,0,0,0,28.4,0.212,36,1,0.18074074074074076,0,Non-Diabetic
1,124,60,32,0,35.8,0.514,21,0,0.18074074074074076,0,Non-Diabetic
1,181,78,42,293,40.0,1.258,22,1,0.8444444444444443,1,Diabetic
1,92,62,25,41,19.5,0.482,25,0,0.17067901234567906,0,Non-Diabetic
0,152,82,39,272,41.5,0.27,27,0,0.3853455168475158,0,Non-Diabetic
1,111,62,13,182,24.0,0.138,23,0,0.2772594218807171,0,Non-Diabetic
3,106,54,21,158,30.9,0.292,24,0,0.26325825218060755,0,Non-Diabetic
3,174,58,22,194,32.9,0.593,36,1,0.6897697578860383,1,Diabetic
7,168,88,42,321,38.2,0.787,40,1,0.7030179245159853,1,Diabetic
6,105,80,28,0,32.5,0.878,26,0,0.4999999999999999,0,Non-Diabetic
11,138,74,26,144,36.1,0.557,50,1,0.49999999999999994,0,Non-Diabetic
3,106,72,0,0,25.8,0.207,27,0,0.28840806395550905,0,Non-Diabetic
6,117,96,0,0,28.7,0.157,30,0,0.28671964935612804,0,Non-Diabetic
2,68,62,13,15,20.1,0.257,23,0,0.16113032371372665,0,Non-Diabetic
9,112,82,24,0,28.2,1.282,50,1,0.49999999999999994,0,Non-Diabetic
0,119,0,0,0,32.4,0.141,24,1,0.22470968014067183,0,Non-Diabetic
2,112,86,42,160,38.4,0.246,28,0,0.32638691541479076,0,Non-Diabetic
2,92,76,20,0,24.2,1.698,28,0,0.3851721968101843,0,Non-Diabetic
6,183,94,0,0,40.8,1.461,45,0,0.7545296167247385,1,Diabetic
0,94,70,27,115,43.5,0.347,21,0,0.21028079998524732,0,Non-Diabetic
2,108,64,0,0,30.8,0.158,21,0,0.26325825218060755,0,Non-Diabetic
4,90,88,47,54,37.7,0.362,29,0,0.44226934299443255,0,Non-Diabetic
0,125,68,0,0,24.7,0.206,21,0,0.2822353387795029,0,Non-Diabetic
0,132,78,0,0,32.4,0.393,21,0,0.2698338126754903,0,Non-Diabetic
5,128,80,0,0,34.6,0.144,45,0,0.49999999999999994,0,Non-Diabetic
4,94,65,22,0,24.7,0.148,21,0,0.26438524061411467,0,Non-Diabetic
7,114,64,0,0,27.4,0.732,34,1,0.49999999999999983,0,Non-Diabetic
0,102,78,40,90,34.5,0.238,24,0,0.18529045367363564,0,Non-Diabetic
2,111,60,0,0,26.2,0.343,23,0,0.29665993057556106,0,Non-Diabetic
1,128,82,17,183,27.5,0.115,22,0,0.29125114596236323,0,Non-Diabetic
10,92,62,0,0,25.9,0.167,31,0,0.2066958809758738,0,Non-Diabetic
13,104,72,0,0,31.2,0.465,38,1,0.39673474018606764,0,Non-Diabetic
5,104,74,0,0,28.8,0.153,48,0,0.49999999999999983,0,Non-Diabetic
2,94,76,18,66,31.6,0.649,23,0,0.37757506127450974,0,Non-Diabetic
7,97,76,32,91,40.9,0.871,32,1,0.3380627747045656,0,Non-Diabetic
1,100,74,12,46,19.5,0.149,28,0,0.1555555555555555,0,Non-Diabetic
0,102,86,17,105,29.3,0.695,27,0,0.5000000000000001,1,Diabetic
4,128,70,0,0,34.3,0.303,24,0,0.2924432255032122,0,Non-Diabetic
6,147,80,0,0,29.5,0.178,50,1,0.6020552766326072,1,Diabetic
4,90,0,0,0,28.0,0.61,31,0,0.3610454977574815,0,Non-Diabetic
3,103,72,30,152,27.6,0.73,27,0,0.49999999999999983,0,Non-Diabetic
2,157,74,35,440,39.4,0.134,30,0,0.4225406839298481,0,Non-Diabetic
1,167,74,17,144,23.4,0.447,33,1,0.37542279716948795,0,Non-Diabetic
0,179,50,36,159,37.8,0.455,22,1,0.6847542911474754,1,Diabetic
11,136,84,35,130,28.3,0.26,42,1,0.49999999999999994,0,Non-Diabetic
0,107,60,25,0,26.4,0.133,23,0,0.2819402985074626,0,Non-Diabetic
1,91,54,25,100,25.2,0.234,23,0,0.2819402985074626,0,Non-Diabetic
1,117,60,23,106,33.8,0.466,27,0,0.3597464120909363,0,Non-Diabetic
5,123,74,40,77,34.1,0.269,28,0,0.2819402985074626,0,Non-Diabetic
2,120,54,0,0,26.8,0.455,27,0,0.4085017431532552,0,Non-Diabetic
1,106,70,28,135,34.2,0.142,22,0,0.26325825218060755,0,Non-Diabetic
2,155,52,27,540,38.7,0.24,25,1,0.4080847870943535,0,Non-Diabetic
2,101,58,35,90,21.8,0.155,22,0,0.2421375900135719,0,Non-Diabetic
1,120,80,48,200,38.9,1.162,41,0,0.6582081171204354,1,Diabetic
11,127,106,0,0,39.0,0.19,51,0,0.7083988318556868,1,Diabetic
3,80,82,31,70,34.2,1.292,27,1,0.4804640102552745,0,Non-Diabetic
10,162,84,0,0,27.7,0.182,54,0,0.6892242706978268,1,Diabetic
1,199,76,43,0,42.9,1.394,22,1,0.8444444444444443,1,Diabetic
8,167,106,46,231,37.6,0.165,43,1,0.7285383556501063,1,Diabetic
9,145,80,46,130,37.9,0.637,40,1,0.6673913960354284,1,Diabetic
6,115,60,39,0,33.7,0.245,40,1,0.4999999999999999,0,Non-Diabetic
1,112,80,45,132,34.8,0.217,24,0,0.37862784610752054,0,Non-Diabetic
4,145,82,18,0,32.5,0.235,70,1,0.5961667845633879,1,Diabetic
10,111,70,27,0,27.5,0.141,40,1,0.49999999999999994,0,Non-Diabetic
6,98,58,33,190,34.0,0.43,43,0,0.4460742929506118,0,Non-Diabetic
9,154,78,30,100,30.9,0.164,45,0,0.655284274683568,1,Diabetic
6,165,68,26,168,33.6,0.631,49,0,0.6980949778810255,1,Diabetic
1,99,58,10,0,25.4,0.551,21,0,0.47337077087200363,0,Non-Diabetic
10,68,106,23,49,35.5,0.285,47,0,0.49999999999999983,0,Non-Diabetic
3,123,100,35,240,57.3,0.88,22,0,0.7083988318556868,1,Diabetic
8,91,82,0,0,35.6,0.587,68,0,0.18540540540540545,0,Non-Diabetic
6,195,70,0,0,30.9,0.328,31,1,0.39524211252225905,0,Non-Diabetic
9,156,86,0,0,24.8,0.23,53,1,0.6599093696532327,1,Diabetic
0,93,60,0,0,35.3,0.263,25,0,0.1555555555555555,0,Non-Diabetic
3,121,52,0,0,36.0,0.127,25,1,0.2819402985074626,0,Non-Diabetic
2,101,58,17,265,24.2,0.614,23,0,0.4999999999999997,0,Non-Diabetic
2,56,56,28,45,24.2,0.332,22,0,0.27725942188071706,0,Non-Diabetic
0,162,76,36,0,49.6,0.364,26,1,0.5109888863418316,1,Diabetic
0,95,64,39,105,44.6,0.366,22,0,0.22789558304944893,0,Non-Diabetic
4,125,80,0,0,32.3,0.536,27,1,0.49999999999999994,0,Non-Diabetic
5,136,82,0,0,0.0,0.64,69,0,0.2819402985074626,0,Non-Diabetic
2,129,74,26,205,33.2,0.591,25,0,0.49999999999999994,0,Non-Diabetic
3,130,64,0,0,23.1,0.314,22,0,0.2876747668895686,0,Non-Diabetic
1,107,50,19,0,28.3,0.181,29,0,0.26654887965376123,0,Non-Diabetic
1,140,74,26,180,24.1,0.828,23,0,0.49999999999999967,0,Non-Diabetic
1,144,82,46,180,46.1,0.335,46,1,0.6617923951430749,1,Diabetic
8,107,80,0,0,24.6,0.856,34,0,0.5000000000000001,1,Diabetic
13,158,114,0,0,42.3,0.257,44,1,0.7227405781192828,1,Diabetic
2,121,70,32,95,39.1,0.886,23,0,0.4999999999999999,0,Non-Diabetic
7,129,68,49,125,38.5,0.439,43,1,0.6870557240938845,1,Diabetic
2,90,60,0,0,23.5,0.191,25,0,0.1555555555555555,0,Non-Diabetic
7,142,90,24,480,30.4,0.128,43,1,0.5471207753174262,1,Diabetic
3,169,74,19,125,29.9,0.268,31,1,0.28442684107383204,0,Non-Diabetic
0,99,0,0,0,25.0,0.253,22,0,0.23097441308837743,0,Non-Diabetic
4,127,88,11,155,34.5,0.598,28,0,0.5825780119859475,1,Diabetic
4,118,70,0,0,44.5,0.904,26,0,0.49999999999999994,0,Non-Diabetic
2,122,76,27,200,35.9,0.483,26,0,0.45963142004014046,0,Non-Diabetic
6,125,78,31,0,27.6,0.565,49,1,0.49999999999999994,0,Non-Diabetic
1,168,88,29,0,35.0,0.905,52,1,0.7087086121323599,1,Diabetic
2,129,0,0,0,38.5,0.304,41,0,0.4999999999999999,0,Non-Diabetic
4,110,76,20,100,28.4,0.118,27,0,0.28840806395550905,0,Non-Diabetic
6,80,80,36,0,39.8,0.177,28,0,0.1555555555555555,0,Non-Diabetic
10,115,0,0,0,0.0,0.261,30,1,0.1555555555555555,0,Non-Diabetic
2,127,46,21,335,34.4,0.176,22,0,0.24547038327526108,0,Non-Diabetic
9,164,78,0,0,32.8,0.148,45,1,0.7001331926678097,1,Diabetic
2,93,64,32,160,38.0,0.674,23,1,0.2684954623756333,0,Non-Diabetic
3,158,64,13,387,31.2,0.295,24,0,0.39746969212882616,0,Non-Diabetic
5,126,78,27,22,29.6,0.439,40,0,0.49999999999999994,0,Non-Diabetic
10,129,62,36,0,41.2,0.441,38,1,0.34009803921568627,0,Non-Diabetic
0,134,58,20,291,26.4,0.352,21,0,0.31048238938664496,0,Non-Diabetic
3,102,74,0,0,29.5,0.121,32,0,0.29829252414780805,0,Non-Diabetic
7,187,50,33,392,33.9,0.826,34,1,0.6883839521258972,1,Diabetic
3,173,78,39,185,33.8,0.97,31,1,0.7027652209633274,1,Diabetic
10,94,72,18,0,23.1,0.595,56,0,0.4062643678160919,0,Non-Diabetic
1,108,60,46,178,35.5,0.415,24,0,0.4936079731585913,0,Non-Diabetic
5,97,76,27,0,35.6,0.378,52,1,0.3961812297734627,0,Non-Diabetic
4,83,86,19,0,29.3,0.317,34,0,0.27078262570925465,0,Non-Diabetic
1,114,66,36,200,38.1,0.289,21,0,0.28309045427110835,0,Non-Diabetic
1,149,68,29,127,29.3,0.349,42,1,0.5000000000000001,1,Diabetic
5,117,86,30,105,39.1,0.251,42,0,0.5357943401513023,1,Diabetic
1,111,94,0,0,32.8,0.265,45,0,0.6752692211945385,1,Diabetic
4,112,78,40,0,39.4,0.236,38,0,0.40801220073664834,0,Non-Diabetic
1,116,78,29,180,36.1,0.496,25,0,0.48901018245175937,0,Non-Diabetic
0,141,84,26,0,32.4,0.433,22,0,0.33409796784910034,0,Non-Diabetic
2,175,88,0,0,22.9,0.326,22,0,0.20873456748404512,0,Non-Diabetic
2,92,52,0,0,30.1,0.141,22,0,0.17658822844519229,0,Non-Diabetic
3,130,78,23,79,28.4,0.323,34,1,0.33028683181225577,0,Non-Diabetic
8,120,86,0,0,28.4,0.259,22,1,0.28840806395550905,0,Non-Diabetic
2,174,88,37,120,44.5,0.646,24,1,0.7215949008601705,1,Diabetic
2,106,56,27,165,29.0,0.426,22,0,0.3663812696145533,0,Non-Diabetic
2,105,75,0,0,23.3,0.56,53,0,0.4999999999999996,0,Non-Diabetic
4,95,60,32,0,35.4,0.284,28,0,0.20309063958291684,0,Non-Diabetic
0,126,86,27,120,27.4,0.515,21,0,0.49999999999999983,0,Non-Diabetic
8,65,72,23,0,32.0,0.6,42,0,0.26438524061411467,0,Non-Diabetic
2,99,60,17,160,36.6,0.453,21,0,0.34490104796887355,0,Non-Diabetic
1,102,74,0,0,39.5,0.293,42,1,0.4999999999999998,0,Non-Diabetic
11,120,80,37,150,42.3,0.785,48,1,0.5000000000000001,1,Diabetic
3,102,44,20,94,30.8,0.4,26,0,0.3015748370964368,0,Non-Diabetic
1,109,58,18,116,28.5,0.219,22,0,0.2723639124827338,0,Non-Diabetic
9,140,94,0,0,32.7,0.734,45,1,0.6674418155541391,1,Diabetic
13,153,88,37,140,40.6,1.174,39,0,0.7034317828845198,1,Diabetic
12,100,84,33,105,30.0,0.488,46,0,0.49999999999999983,0,Non-Diabetic
1,147,94,41,0,49.3,0.358,27,1,0.4797347397001303,0,Non-Diabetic
1,81,74,41,57,46.3,1.096,32,0,0.33351320071654167,0,Non-Diabetic
3,187,70,22,200,36.4,0.408,36,1,0.6279785809906289,1,Diabetic
6,162,62,0,0,24.3,0.178,50,1,0.6664919636617754,1,Diabetic
4,136,70,0,0,31.2,1.182,22,1,0.6017884880024033,1,Diabetic
1,121,78,39,74,39.0,0.261,28,0,0.1555555555555555,0,Non-Diabetic
3,108,62,24,0,26.0,0.223,25,0,0.2772594218807171,0,Non-Diabetic
0,181,88,44,510,43.3,0.222,26,1,0.49999999999999983,0,Non-Diabetic
8,154,78,32,0,32.4,0.443,45,1,0.655284274683568,1,Diabetic
1,128,88,39,110,36.5,1.057,37,1,0.6435423542354236,1,Diabetic
7,137,90,41,0,32.0,0.391,39,0,0.6035353089687971,1,Diabetic
0,123,72,0,0,36.3,0.258,52,1,0.5000000000000001,1,Diabetic
1,106,76,0,0,37.5,0.197,26,0,0.1555555555555555,0,Non-Diabetic
6,190,92,0,0,35.5,0.278,66,1,0.8444444444444443,1,Diabetic
2,88,58,26,16,28.4,0.766,22,0,0.3636836682122619,0,Non-Diabetic
9,170,74,31,0,44.0,0.403,43,1,0.7285383556501063,1,Diabetic
9,89,62,0,0,22.5,0.142,33,0,0.22199927125321678,0,Non-Diabetic
10,101,76,48,180,32.9,0.171,63,0,0.7093393246608893,1,Diabetic
2,122,70,27,0,36.8,0.34,27,0,0.26224189252702473,0,Non-Diabetic
5,121,72,23,112,26.2,0.245,30,0,0.29075913494251415,0,Non-Diabetic
1,126,60,0,0,30.1,0.349,47,1,0.49999999999999994,0,Non-Diabetic
1,93,70,31,0,30.4,0.315,23,0,0.27565264894331526,0,Non-Diabetic
